Modelid,loss,val_loss,retrain_loss,retrain_val_loss
363,0.0345800407230854,0.060214389115571976,0.03485233336687088,0.04097529128193855
